scenario,t_end_s,soc_end,v_end,temp_max_k,temp_min_k,soh_drop,avg_power_w,energy_wh,dt_s,n_points
Video_Streaming,4855.0,0.03134130780445432,3.173528802947976,304.0614199993276,298.15,0.03903161824239987,9.462613109371773,12.762388843831026,5.0,972
Gaming,1955.0,0.08936170102684227,3.1815929823639726,311.81135564331726,298.15,0.03175861962324733,18.761770331146412,10.189633741040998,5.0,392
Winter_Usage,6555.0,0.14316259484283203,3.169942841626583,298.15,277.07548497726526,0.043539021772739384,6.737850671825549,12.269407013168138,5.0,1312
