scenario,t_end_s,soc_end,v_end,temp_max_k,temp_min_k,soh_drop,avg_power_w,energy_wh,dt_s,n_points,experiment_id,label,group,rmse_v,mae_v,current_scale,r_scale,ocv_scale,voltage_offset
Day_in_the_Life,15010.0,0.1062254653787254,3.173772308275604,310.4003362400517,298.15,0.0001912978544742483,2.7382738606051555,11.400444961732013,10.0,1502,ablation_no_mc,Ablation: no Monte Carlo,ablation,0.02319871795645863,0.0186548429549882,0.8,0.7,0.9842692059378163,0.07549368400869681
Gaming,1980.0,0.08222486587805126,3.183375307702875,311.80200448678875,298.15,0.00016006754793185252,18.674410854113393,10.271801544819297,5.0,397,ablation_no_mc,Ablation: no Monte Carlo,ablation,0.02319871795645863,0.0186548429549882,0.8,0.7,0.9842692059378163,0.07549368400869681
Video_Streaming,4875.0,0.029488002405548417,3.167986546315201,304.05017791267727,298.15,0.00019674121791646293,9.433728172003443,12.775806168953217,5.0,976,ablation_no_mc,Ablation: no Monte Carlo,ablation,0.02319871795645863,0.0186548429549882,0.8,0.7,0.9842692059378163,0.07549368400869681
Winter_Usage,6615.0,0.13077628165563773,3.177909399789541,298.15,277.0749498145452,0.00022037850507439227,6.712279938199182,12.334743794725023,5.0,1324,ablation_no_mc,Ablation: no Monte Carlo,ablation,0.02319871795645863,0.0186548429549882,0.8,0.7,0.9842692059378163,0.07549368400869681
